{"cameraMode":{"drawMode":0,"name":"Shaded","section":"Shading Mode"},"sceneLighting":true,"audioPlay":false,"sceneViewState":{"m_AlwaysRefresh":false,"showFog":true,"showSkybox":true,"showFlares":true,"showImageEffects":true,"showParticleSystems":true,"showVisualEffectGraphs":true,"m_FxEnabled":true},"in2DMode":false,"pivot":{"x":21.458585739135743,"y":2.0991928577423097,"z":-4.681074619293213},"rotation":{"x":0.0041906144469976429,"y":-0.003903856035321951,"z":-0.000016449914255645126,"w":-0.9999814033508301},"size":2.6515681743621828,"orthographic":false}